INSERT INTO organizations (id, name, org_type, country, website_url, description) VALUES ('61be18b8-99fc-46b8-b49a-ba590f913c31', $$xAI$$, 'company', 'US', 'https://x.ai', $$Elon Musk's AI company building Grok.$$);
INSERT INTO organizations (id, name, org_type, country, website_url, description) VALUES ('72c1072f-5742-4349-9eae-e5f3da68f487', $$Meta$$, 'company', 'US', 'https://ai.meta.com', $$Meta AI research, Llama series.$$);
INSERT INTO organizations (id, name, org_type, country, website_url, description) VALUES ('8f3c0367-d7e8-4006-8662-d92d871cc088', $$OpenAI$$, 'company', 'US', 'https://openai.com', $$Maker of GPT and ChatGPT.$$);
INSERT INTO organizations (id, name, org_type, country, website_url, description) VALUES ('1ac9eb0a-d7d0-4f35-8263-c54941c18416', $$Google DeepMind$$, 'lab', 'US', 'https://deepmind.google', $$DeepMind and Google Brain merged AI lab.$$);
INSERT INTO organizations (id, name, org_type, country, website_url, description) VALUES ('3c1143ac-f395-489b-b19f-1233ea1af476', $$NVIDIA$$, 'company', 'US', 'https://nvidia.com', $$GPU computing and AI infrastructure.$$);
INSERT INTO tags (id, name, tag_type) VALUES ('04edbdd6-a7a9-4647-99b8-8b539bbf931b', $$MLSys$$, 'topic');
INSERT INTO tags (id, name, tag_type) VALUES ('03d9af20-d8ce-4509-825d-9785439b7496', $$Reasoning$$, 'topic');
INSERT INTO tags (id, name, tag_type) VALUES ('b274ff5d-9cda-46fe-bc62-fbca61840ae5', $$Multimodal$$, 'topic');
INSERT INTO tags (id, name, tag_type) VALUES ('d18e73f0-c470-4e37-a46c-1d303d49f015', $$Efficient LLM$$, 'topic');
INSERT INTO tags (id, name, tag_type) VALUES ('0243bdb1-e075-4d0d-898f-24e6d3e873f4', $$Generative AI$$, 'topic');
INSERT INTO tags (id, name, tag_type) VALUES ('58573714-b848-49c2-8f3f-a4535601e7c1', $$Theory$$, 'topic');
INSERT INTO tags (id, name, tag_type) VALUES ('87b87f71-7975-4e91-92d6-a4beeacfa295', $$RL$$, 'topic');
INSERT INTO tags (id, name, tag_type) VALUES ('efdd4c31-6a14-4802-ae4a-2741a998575b', $$Pretrain$$, 'topic');
INSERT INTO tags (id, name, tag_type) VALUES ('6b671bd5-79f6-415a-9b74-b9ac3ec27c95', $$AI Agents$$, 'topic');
INSERT INTO tags (id, name, tag_type) VALUES ('c2fecaca-9caf-4f66-9d84-bfb834a3a63d', $$AI Safety$$, 'topic');
INSERT INTO tags (id, name, tag_type) VALUES ('38a22c79-6aa4-4b6f-9590-c41eb3ab1bee', $$RAG$$, 'topic');
INSERT INTO sources (id, name, source_type, organization_id, affiliation_type, activity_status, importance_score, reliability_score) VALUES ('e05f4a5e-f599-41f2-b986-7ecb2080e066', $$xAI$$, 'organization', '61be18b8-99fc-46b8-b49a-ba590f913c31', 'industry', 'active', 0.8, 0.8);
INSERT INTO sources (id, name, source_type, organization_id, affiliation_type, activity_status, importance_score, reliability_score) VALUES ('5f537a65-c803-4316-a042-83f703bd53cb', $$Hieu Pham$$, 'person', '61be18b8-99fc-46b8-b49a-ba590f913c31', 'industry', 'active', 0.85, 0.8);
INSERT INTO sources (id, name, source_type, organization_id, affiliation_type, activity_status, importance_score, reliability_score) VALUES ('d50a92f2-a2ef-4ccb-8531-7a612c1d4cae', $$Liam Zheng$$, 'person', '61be18b8-99fc-46b8-b49a-ba590f913c31', 'industry', 'active', 0.8, 0.8);
INSERT INTO sources (id, name, source_type, organization_id, affiliation_type, activity_status, importance_score, reliability_score) VALUES ('d4586c6d-7a7b-4154-a976-9b0964be7364', $$Qian Huang$$, 'person', '61be18b8-99fc-46b8-b49a-ba590f913c31', 'industry', 'active', 0.8, 0.8);
INSERT INTO sources (id, name, source_type, organization_id, affiliation_type, activity_status, importance_score, reliability_score) VALUES ('516d34a4-c11e-4b88-8638-7ac3bf5be976', $$Greg Yang$$, 'person', '61be18b8-99fc-46b8-b49a-ba590f913c31', 'industry', 'active', 0.8, 0.8);
INSERT INTO sources (id, name, source_type, organization_id, affiliation_type, activity_status, importance_score, reliability_score) VALUES ('99565ff2-5ccb-4404-8556-2ba9cd171eb0', $$Meta$$, 'organization', '72c1072f-5742-4349-9eae-e5f3da68f487', 'industry', 'active', 0.8, 0.8);
INSERT INTO sources (id, name, source_type, organization_id, affiliation_type, activity_status, importance_score, reliability_score) VALUES ('5a2ae12c-b6b8-4fd9-85b5-63b1379d5d5b', $$Reality Labs at Meta$$, 'organization', '72c1072f-5742-4349-9eae-e5f3da68f487', 'industry', 'active', 0.8, 0.8);
INSERT INTO sources (id, name, source_type, organization_id, affiliation_type, activity_status, importance_score, reliability_score) VALUES ('fe973bc2-94e6-405b-8b60-1684081f0fee', $$Yi Wan$$, 'person', '72c1072f-5742-4349-9eae-e5f3da68f487', 'industry', 'active', 0.8, 0.8);
INSERT INTO sources (id, name, source_type, organization_id, affiliation_type, activity_status, importance_score, reliability_score) VALUES ('dc44b0da-9326-4404-8e3a-9764ded85ade', $$Mike Lewis$$, 'person', '72c1072f-5742-4349-9eae-e5f3da68f487', 'industry', 'active', 0.8, 0.8);
INSERT INTO source_accounts (id, source_id, platform, handle, url, is_primary) VALUES ('370e3ac9-f550-4f8e-9920-ddc043ece22e', '5f537a65-c803-4316-a042-83f703bd53cb', 'x', 'hyhieu226', 'https://x.com/hyhieu226', true);
INSERT INTO source_accounts (id, source_id, platform, handle, url, is_primary) VALUES ('b2b3ef45-fc31-4a43-afe9-26916acba8a1', 'd50a92f2-a2ef-4ccb-8531-7a612c1d4cae', 'x', 'lm_zheng', 'https://x.com/lm_zheng', true);
INSERT INTO source_accounts (id, source_id, platform, handle, url, is_primary) VALUES ('1a6c4249-23f9-40e2-b3b0-0127224d9e8c', 'd4586c6d-7a7b-4154-a976-9b0964be7364', 'x', 'qhwang3', 'https://x.com/qhwang3', true);
INSERT INTO source_accounts (id, source_id, platform, handle, url, is_primary) VALUES ('ab2c7c89-b08f-4dc3-92ac-b90ad6600707', '516d34a4-c11e-4b88-8638-7ac3bf5be976', 'x', 'TheGregYang', 'https://x.com/TheGregYang', true);
INSERT INTO source_tags (source_id, tag_id, assigned_by) VALUES ('5f537a65-c803-4316-a042-83f703bd53cb', '04edbdd6-a7a9-4647-99b8-8b539bbf931b', 'manual');
INSERT INTO source_tags (source_id, tag_id, assigned_by) VALUES ('d50a92f2-a2ef-4ccb-8531-7a612c1d4cae', '04edbdd6-a7a9-4647-99b8-8b539bbf931b', 'manual');
INSERT INTO source_tags (source_id, tag_id, assigned_by) VALUES ('d4586c6d-7a7b-4154-a976-9b0964be7364', '03d9af20-d8ce-4509-825d-9785439b7496', 'manual');
INSERT INTO source_tags (source_id, tag_id, assigned_by) VALUES ('516d34a4-c11e-4b88-8638-7ac3bf5be976', '58573714-b848-49c2-8f3f-a4535601e7c1', 'manual');
INSERT INTO source_tags (source_id, tag_id, assigned_by) VALUES ('fe973bc2-94e6-405b-8b60-1684081f0fee', '87b87f71-7975-4e91-92d6-a4beeacfa295', 'manual');
INSERT INTO source_tags (source_id, tag_id, assigned_by) VALUES ('dc44b0da-9326-4404-8e3a-9764ded85ade', 'efdd4c31-6a14-4802-ae4a-2741a998575b', 'manual');
INSERT INTO source_tags (source_id, tag_id, assigned_by) VALUES ('5a2ae12c-b6b8-4fd9-85b5-63b1379d5d5b', 'b274ff5d-9cda-46fe-bc62-fbca61840ae5', 'manual');
INSERT INTO entities (id, name, canonical_name, entity_type, description, homepage_url, metadata) VALUES ('6fe6eed7-f9dc-417d-8f05-ef029f1179f8', $$xAI$$, $$xAI$$, 'organization', $$Elon Musk's AI company.$$, 'https://x.ai', '{}');
INSERT INTO entities (id, name, canonical_name, entity_type, description, homepage_url, metadata) VALUES ('f6f7a55c-0f38-4fc7-9828-5d1c04e31d32', $$Meta$$, $$Meta$$, 'organization', $$Meta AI research.$$, 'https://ai.meta.com', '{}');
INSERT INTO entities (id, name, canonical_name, entity_type, description, homepage_url, metadata) VALUES ('1f417952-fc89-4dbc-88f9-ccc4dda5ea01', $$Grok$$, $$Grok$$, 'model', $$Large language model by xAI.$$, NULL, '{}');
INSERT INTO entities (id, name, canonical_name, entity_type, description, homepage_url, metadata) VALUES ('8a3a928c-b092-4224-bad8-e8240f21edaf', $$Llama$$, $$Llama$$, 'model', $$Open-weight LLM series by Meta.$$, NULL, '{}');
INSERT INTO entities (id, name, canonical_name, entity_type, description, homepage_url, metadata) VALUES ('9d7c57ea-ed50-47a9-818c-2a7fffcfc3f6', $$KV Cache$$, $$KV Cache$$, 'method', $$Key-value caching for transformer inference.$$, NULL, '{}');
INSERT INTO entities (id, name, canonical_name, entity_type, description, homepage_url, metadata) VALUES ('7bbb0ac3-a3e3-4908-b374-8d8c6e99e59a', $$MLSys$$, $$MLSys$$, 'topic', $$Machine Learning Systems research.$$, NULL, '{}');
INSERT INTO entities (id, name, canonical_name, entity_type, description, homepage_url, metadata) VALUES ('f5970031-1fd7-420b-a894-0c4623bff832', $$Reasoning$$, $$Reasoning$$, 'topic', $$Logical and mathematical reasoning in LLMs.$$, NULL, '{}');
INSERT INTO entities (id, name, canonical_name, entity_type, description, homepage_url, metadata) VALUES ('c12d05a2-064a-4eec-895c-921bcb3a3348', $$Hieu Pham$$, $$Hieu Pham$$, 'person', $$ML researcher at xAI.$$, NULL, '{}');
INSERT INTO entity_aliases (id, entity_id, alias, alias_type) VALUES ('e5ac672b-960b-40bd-886d-f622ad980738', '8a3a928c-b092-4224-bad8-e8240f21edaf', 'LLaMA', 'old_name');
INSERT INTO entity_aliases (id, entity_id, alias, alias_type) VALUES ('6bc44ac2-6bdc-48ea-ad75-a97628ba4c03', '9d7c57ea-ed50-47a9-818c-2a7fffcfc3f6', 'Key-Value Cache', 'full_name');
INSERT INTO signals (id, source_id, organization_id, title, url, signal_type, abstract, published_at, status, raw_metadata) VALUES ('2a1d67e8-2cad-40c9-be85-d42108ddc4e0', '5f537a65-c803-4316-a042-83f703bd53cb', '61be18b8-99fc-46b8-b49a-ba590f913c31', $$FlashAttention-3: Fast and Accurate Attention with Asynchrony and Low-precision$$, 'https://arxiv.org/abs/2407.08608', 'paper', $$We develop FlashAttention-3 that leverages new hardware features on Hopper GPUs.$$, '2024-07-11T00:00:00+00:00', 'processed', '{}');
INSERT INTO signals (id, source_id, organization_id, title, url, signal_type, abstract, published_at, status, raw_metadata) VALUES ('127cff79-7a36-4890-8db3-f7cd1cfb40e3', '99565ff2-5ccb-4404-8556-2ba9cd171eb0', '72c1072f-5742-4349-9eae-e5f3da68f487', $$Introducing Llama 3: The Most Capable Openly Available LLM$$, 'https://ai.meta.com/blog/meta-llama-3/', 'blog', $$Meta releases Llama 3 with 8B and 70B parameter models.$$, '2024-04-18T00:00:00+00:00', 'processed', '{}');
INSERT INTO signals (id, source_id, organization_id, title, url, signal_type, abstract, published_at, status, raw_metadata) VALUES ('33db3401-df4c-4580-90dc-b18cf27d7bc0', '516d34a4-c11e-4b88-8638-7ac3bf5be976', NULL, $$Greg Yang on Tensor Programs and scaling theory$$, 'https://x.com/TheGregYang/status/1234567890', 'tweet', $$New results on infinite-width limits and feature learning...$$, '2024-03-01T00:00:00+00:00', 'collected', '{}');
INSERT INTO signals (id, source_id, organization_id, title, url, signal_type, abstract, published_at, status, raw_metadata) VALUES ('9283aa33-3320-42e4-ad20-156eae9a2305', 'e05f4a5e-f599-41f2-b986-7ecb2080e066', '61be18b8-99fc-46b8-b49a-ba590f913c31', $$Grok-1.5 Release$$, 'https://x.ai/blog/grok-1.5', 'model_release', $$xAI releases Grok-1.5 with improved reasoning capabilities.$$, '2024-03-28T00:00:00+00:00', 'processed', '{}');
INSERT INTO signal_analysis (id, signal_id, tldr, summary, why_it_matters, technical_points, importance_score, novelty_score, relevance_score, confidence_score, reading_priority, topic_tags, entities, metadata) VALUES ('936a5f03-7611-488e-835d-f4c1e96467b3', '2a1d67e8-2cad-40c9-be85-d42108ddc4e0', $$FlashAttention-3 achieves up to 740 TFLOPs/s on H100 GPUs.$$, $$Leverages async execution and low-precision math for faster attention.$$, $$Directly reduces LLM training and inference cost.$$, ARRAY['Warp specialization','Pingpong scheduling','FP8 quantization'], 0.95, 0.9, 0.9, 0.95, 'must_read', ARRAY['MLSys','Efficient LLM'], ARRAY['FlashAttention','xAI','Hieu Pham'], '{}');
INSERT INTO signal_analysis (id, signal_id, tldr, summary, importance_score, novelty_score, relevance_score, confidence_score, reading_priority, topic_tags, entities, metadata) VALUES ('0b67530e-382b-4ef5-af07-c3e111104942', '9283aa33-3320-42e4-ad20-156eae9a2305', $$Grok-1.5 shows strong performance on MATH and HumanEval.$$, $$xAI latest model with enhanced reasoning.$$, 0.85, 0.7, 0.85, 0.9, 'recommended', ARRAY['Reasoning','Generative AI'], ARRAY['Grok','xAI'], '{}');
INSERT INTO signal_entities (signal_id, entity_id, role, confidence, extracted_by) VALUES ('2a1d67e8-2cad-40c9-be85-d42108ddc4e0', '9d7c57ea-ed50-47a9-818c-2a7fffcfc3f6', 'method', 1.0, 'manual');
INSERT INTO signal_entities (signal_id, entity_id, role, confidence, extracted_by) VALUES ('2a1d67e8-2cad-40c9-be85-d42108ddc4e0', '7bbb0ac3-a3e3-4908-b374-8d8c6e99e59a', 'topic', 1.0, 'manual');
INSERT INTO signal_entities (signal_id, entity_id, role, confidence, extracted_by) VALUES ('2a1d67e8-2cad-40c9-be85-d42108ddc4e0', 'c12d05a2-064a-4eec-895c-921bcb3a3348', 'author', 1.0, 'manual');
INSERT INTO signal_entities (signal_id, entity_id, role, confidence, extracted_by) VALUES ('2a1d67e8-2cad-40c9-be85-d42108ddc4e0', '6fe6eed7-f9dc-417d-8f05-ef029f1179f8', 'publisher', 1.0, 'manual');
INSERT INTO signal_entities (signal_id, entity_id, role, confidence, extracted_by) VALUES ('127cff79-7a36-4890-8db3-f7cd1cfb40e3', '8a3a928c-b092-4224-bad8-e8240f21edaf', 'main_subject', 1.0, 'manual');
INSERT INTO signal_entities (signal_id, entity_id, role, confidence, extracted_by) VALUES ('127cff79-7a36-4890-8db3-f7cd1cfb40e3', 'f6f7a55c-0f38-4fc7-9828-5d1c04e31d32', 'publisher', 1.0, 'manual');
INSERT INTO signal_entities (signal_id, entity_id, role, confidence, extracted_by) VALUES ('9283aa33-3320-42e4-ad20-156eae9a2305', '1f417952-fc89-4dbc-88f9-ccc4dda5ea01', 'main_subject', 1.0, 'manual');
INSERT INTO signal_entities (signal_id, entity_id, role, confidence, extracted_by) VALUES ('9283aa33-3320-42e4-ad20-156eae9a2305', '6fe6eed7-f9dc-417d-8f05-ef029f1179f8', 'publisher', 1.0, 'manual');
INSERT INTO signal_entities (signal_id, entity_id, role, confidence, extracted_by) VALUES ('33db3401-df4c-4580-90dc-b18cf27d7bc0', 'c12d05a2-064a-4eec-895c-921bcb3a3348', 'author', 1.0, 'manual');
INSERT INTO entity_relations (id, subject_entity_id, relation_type, object_entity_id, confidence, extracted_by) VALUES ('c6ca525c-60d9-42ce-8407-bd2a26d8f788', 'c12d05a2-064a-4eec-895c-921bcb3a3348', 'WORKS_AT', '6fe6eed7-f9dc-417d-8f05-ef029f1179f8', 1.0, 'manual');
INSERT INTO entity_relations (id, subject_entity_id, relation_type, object_entity_id, confidence, extracted_by) VALUES ('22b95546-eac2-4f14-abb3-988b609c0386', '6fe6eed7-f9dc-417d-8f05-ef029f1179f8', 'RELEASED', '1f417952-fc89-4dbc-88f9-ccc4dda5ea01', 1.0, 'manual');
INSERT INTO entity_relations (id, subject_entity_id, relation_type, object_entity_id, confidence, extracted_by) VALUES ('d9e24532-b9b6-4eac-81c0-6b6bf284a445', 'f6f7a55c-0f38-4fc7-9828-5d1c04e31d32', 'RELEASED', '8a3a928c-b092-4224-bad8-e8240f21edaf', 1.0, 'manual');
INSERT INTO entity_relations (id, subject_entity_id, relation_type, object_entity_id, confidence, extracted_by) VALUES ('6d202e39-f103-40be-a692-d2440f413879', '9d7c57ea-ed50-47a9-818c-2a7fffcfc3f6', 'RELATED_TO', '7bbb0ac3-a3e3-4908-b374-8d8c6e99e59a', 1.0, 'manual');
INSERT INTO entity_relations (id, subject_entity_id, relation_type, object_entity_id, confidence, extracted_by) VALUES ('45033670-048f-4de3-8f98-dd23c4e3743c', '1f417952-fc89-4dbc-88f9-ccc4dda5ea01', 'FOCUSES_ON', 'f5970031-1fd7-420b-a894-0c4623bff832', 1.0, 'manual');
INSERT INTO pipeline_runs (id, run_type, status, total_items, success_items, failed_items, metadata) VALUES ('69fa9bd1-f06c-43d2-bd39-68212d898aa0', 'collect', 'success', 4, 4, 0, '{"source": "seed"}');